 add ,anxiety,autism,bipolar,depression,eating disorder,ocd,ptsd,schizophrenia
adhd,anxiety disorder,autism spectrum disorder,bipolar disorder,clinical depression,anorexia,obsessive-compulsive disorder,post-traumatic stress disorder,schizophrenic
a.d.h.d.,generalized anxiety disorder,aspergers,cyclothymia,severe depression,bulimia,anancastic neurosis,combat neurosis,paranoid schizophrenia
ad/hd,social phobia,autistic,cyclophrenia,major depression,binge-eating disorder,anancastic personality,cptsd,paranoid schizophrenic
add attention deficit disorder,social anxiety,apserger's,affective bipolar disorder,depressive disorder,rumination disorder,anankastic personality,post traumatic stress,schiizophrenia
add/adhd,separation anxiety disorder,apsergers syndrome,alternating insanity,dysthymia,anorectic,anankastic personality disorder,post traumatic stress dis,schitzo
addh,panic disorder,asberger,bi polar disorder,premenstrual dysphoric disorder,anorexi,o.c.d.,post traumatic stress disorder,schitzophrenia
adhd,anxiety,asberger disorder,bi-polar disorder,chronic depression,anorexia,obbsessive compulsive disorder,post traumatic stress syndrome,schizo
adhd (attention deficit hyperactivity disorder),anxiety disorder,asberger syndrome,bi-polar illness,clincal depression,anorexias,obsessive compulsion,post-traumatic neuroses,schizofrenia
adhd combined type,anxiety disorder generalize,asberger's,bi-poler disorder,clinical depressed,anorexic,obsessive compulsive,post-traumatic stress,schizophernia
adhd predominantly hyperactive,anxiety disorder nos,asberger's disorder,biopolar disorder,clinical depression,binge eating,obsessive compulsive dis,post-traumatic stress disorder,schizophren
attention defecit disorder,anxiety disorder separation,asberger's syndrome,bipola,clinically depressed,binge eating disorder,obsessive compulsive disorder,post-traumatic stress disorder (ptsd),schizophrene
attention deficiency disorder,anxiety disorder social,asbergers,bipolar,deppression,binge-eating disorder,obsessive compulsive neurosis,post-traumatic stress reaction,schizophrenia
attention deficiency hyperactivity disorder,anxiety disorer,asbergers disorder,bipolar affective disease,depresion,bolemia,obsessive compulsive personality,post-traumatic stress syndrome,schizophrenia disorder
attention deficiency hyperactivity syndrome,anxiety neurosis,asbergers syndrome,bipolar affective disorder,depressed,bulemia,obsessive compulsive personality disorder,post-traumatic syndrome,schizophreniak
attention deficiency syndrome,anxiety separation,asburger,bipolar affective psychosis,depressiion,bulemic,obsessive compuslive disorder,posttraumatic neuroses,schizophrenic
attention deficiency/hyperactivity disorder,anxiety separation disorder,asburger syndrome,bipolar depression,depressio,bulimea,obsessive neurotics,posttraumatic stress,schizophrenic dis
attention deficiency/hyperactivity syndrome,anxiety social,asburger's syndrome,bipolar diorder,depressiom,bulimia,obsessive-compulsive,posttraumatic stress dis,schizophrenic disorder
attention deficit dis,anxity disorder,aspberger,bipolar dis,depression,bulimia nervosa,obsessive-compulsive behaviour,posttraumatic stress disorder,schizophrenic narcissism
attention deficit dis with hyperactivity,childhood separation anxiety,aspberger syndrome,bipolar disoder,depression clinical,bulimias,obsessive-compulsive dis,posttraumatic stress syndrome,schyzophrenia
attention deficit disorder,clinical anxiety,aspberger's,bipolar disorder,depression mental,bulimic,obsessive-compulsive disorder,ptsd,scizophrenia
attention deficit disorder add,disorder generalized anxiety,aspberger's syndrome,bipolar disorder nos,depression unipolar,bullemia,obsessive-compulsive neuroses,ptsr,shizophrenia
attention deficit disorder of childhood with hyperactivity,disorder social phobia,asperberger's syndrome,bipolar disoreder,depressions,eating disord,obsessive-compulsive neurosis,ptss,shizophrenic
attention deficit disorder with hyperactivity,enxiety,asperger,bipolar illness,depressive,eating disorder,obsessive-compulsive personality,tramatic stress disorder,skitsafrantic
attention deficit hyper disorder,free-floating anxiety,asperger disorder,bipolar mania,depressive dis,eating disordet,obsessive-compulsive personality disorder,traumatic stress disorder,skitzafrenic
attention deficit hyperactive disorder,general anxiety disorder,asperger s disorder,bipolar mental disorder,depressive dis major,eating disordr,obsessive-compulsive syndrome,,skitzophrenia
attention deficit hyperactive syndrome,generalised anxiety disorder,asperger s syndrome,bipolar mood disorder,depressive disorder,merycism,obsessive-compulsiveness,,unspecified schizophrenia
attention deficit hyperactivity dis,generalized anxiety,asperger syndrome,bipolar personality disorder,depressive disorder major,overeating disorder,oc disorder,,
attention deficit hyperactivity disorder,generalized anxiety dis,asperger's,bipolar1,depressive disorder nos,pathological eating disorder,ocd,,
attention deficit hyperactivity disorder (adhd),generalized anxiety disorder,asperger's disease,bipolar2,depressive episode,rumination,over-compulsive disorder,,
attention deficit hyperactivity disorder adhd,generalizing anxiety disorder,asperger's disorder,bipolarii,depressive illness,rumination (eating disorder),,,
attention deficit hyperactivity disorder nos,hysterical neurosis,asperger's syndome,bipolarism,depressive neuroses,rumination dis,,,
attention deficit syndrome,panic anxiety syndrome,asperger's syndrome,bipolars,depressive neurosis,rumination disorder,,,
attention deficit w/ hyperactivity,panic disord,aspergers,bipolat,depresssion,rumination syndrome,,,
attention deficit(hyper) disorder,panic disorder,aspergers disorder,bipoloar disorder,disorder depressive,,,,
attention deficit-hyperactivity disorder,panic disorder nos,aspergers symptoms,circular insanity,disorder dysphoric premenstrual,,,,
attention deficit-hyperactivity disorder (adhd),panic dissorder,aspergers syndrom,cyclophrenia,disorder premenstrual dysphoric,,,,
attention deficit/hyperactivity disorder,phobia social,aspergers syndrome,cyclothymia,disthymia,,,,
attention deficits disorder hyper,separation anxiety,aspergian,cyclothymia disorder,distimea,,,,
attention deflict distorder,separation anxiety dis,aspergic,cyclothymic,distimia,,,,
attention-deficit disorder,separation anxiety disorder,aspie,cyclothymic dis,double depression,,,,
attention-deficit disorder (add adhd),seperation anxiety,aspies,cyclothymic disorder,dpression,,,,
attention-deficit hyperactive disorder,social anxie,aspurger,cyclothymic disorders,dysthemia,,,,
attention-deficit hyperactivity disorder,social anxieties,assberger,dipolar,dysthimia,,,,
attention-deficit hyperactivity syndrome,social anxiety,assburger,dual-form insanity,dysthymia,,,,
attention-deficit/hyperactivity disorder,social anxiety disorder,assburger syndrome,insanity of double form,dysthymia disorder,,,,
attn deficit w hyperact,social phobia,assburger's,manic depression,dysthymic,,,,
child adhd,social phobia disorder,assburger's syndrome,manic depression bipolar,dysthymic dis,,,,
childhood adhd,,assburgers,manic depressive,dysthymic disorder,,,,
childhood attention deficit/hyperactivity disorder,,assburgers syndrome,manic depressive disorder,dystimea,,,,
,,ausperger's syndrome,manic depressive illness,dystimia,,,,
,,auspergers,manic depressive psychosis,late luteal phase dysphoric disorder,,,,
,,auspergers syndrome,manic depressive reaction,llpdd,,,,
,,austism,manic-depression,major depression,,,,
,,austistic,manic-depressive,major depression disorder,,,,
,,authism,manic-depressive disorder,major depression disorder (mdd),,,,
,,authistic,manic-depressive illness,major depressive,,,,
,,autisim,manic-depressive mental disorder,major depressive dis,,,,
,,autism,manic-depressive psychoses,major depressive disorder,,,,
,,autism spectrum dis,manic-depressive psychosis,major depressive disorder nos,,,,
,,autism spectrum disoder,pipolar,major depressive illness,,,,
,,autism spectrum disorder,psychosis manic depressive,menstrual dysphoric disorder,,,,
,,autism spectrum disorders,psychosis manic-depressive,mental depression,,,,
,,autismos,psychothemia,monopolar depression,,,,
,,autisms,psychothymia,neurotic depression,,,,
,,autistic,rapid cycling,pmdd,,,,
,,autistic disorder,,premenstrual disphoric disorder,,,,
,,autistic spectrum disorder,,premenstrual dysphoric disorder,,,,
,,autisum spectrum disorder,,premenstrual dysphoric syndrome,,,,
,,child autism,,reactive depression,,,,
,,childhood autism,,recurrent depressive disorder,,,,
,,early childhood autism,,sever depression,,,,
,,early infantile autism,,severe depression,,,,
,,infantile autism,,severe depressive,,,,
,,kanner syndrome,,unipolar depression,,,,
,,kanner's syndrome,,unipolar depressive disorder,,,,
,,kannerian autism,,unipolar major depression,,,,
,,kanners syndrome,,,,,,
,,nonautistic,,,,,,
,,pervasive developmental disorders,,,,,,
